SampleID	SampleLabel	Patient	SampleType	SampleSite	ColonLocation	Age	Gender	Ethnicity	BMI	LabDiagnosis	Plate	BarcodeSequence	LinkerPrimerSeq
001	001-B3R	1	brush	healthy	right	65	Female	White	36	healthy	1	TGACTAATGGCC	GTGYCAGCMGCCGCGGTAA
002	001-A3R	1	aspirate	healthy	right	65	Female	White	36	healthy	1	AGCCTTCGTCGC	GTGYCAGCMGCCGCGGTAA
005	001-B3L	1	brush	healthy	left	65	Female	White	36	healthy	1	GTGGAGTCTCAT	GTGYCAGCMGCCGCGGTAA
006	001-A3L	1	aspirate	healthy	left	65	Female	White	36	healthy	1	CGTATAAATGCG	GTGYCAGCMGCCGCGGTAA
009	001-A5	1	lavage	lavage	lavage	65	Female	White	36	healthy	1	TGATGTGCTAAG	GTGYCAGCMGCCGCGGTAA
018	002-B3R	2	brush	healthy	right	41	Male	Black	31	healthy	1	CTATGTATTAGT	GTGYCAGCMGCCGCGGTAA
019	002-A3R	2	aspirate	healthy	right	41	Male	Black	31	healthy	1	TGTGCACGCCAT	GTGYCAGCMGCCGCGGTAA
022	002-B3L	2	brush	healthy	left	41	Male	Black	31	healthy	1	TCCATACCGGAA	GTGYCAGCMGCCGCGGTAA
023	002-A3L	2	aspirate	healthy	left	41	Male	Black	31	healthy	1	GGTGAGCAAGCA	GTGYCAGCMGCCGCGGTAA
026	002-A5	2	lavage	lavage	lavage	41	Male	Black	31	healthy	1	ATGCTGCAACAC	GTGYCAGCMGCCGCGGTAA
035	003-B3R	3	brush	healthy	right	59	Male	Hispanic	23	healthy	1	GTAGTAGACCAT	GTGYCAGCMGCCGCGGTAA
036	003-A3R	3	aspirate	healthy	right	59	Male	Hispanic	23	healthy	1	CGGGACACCCGA	GTGYCAGCMGCCGCGGTAA
039	003-B3L	3	brush	healthy	left	59	Male	Hispanic	23	healthy	1	CCGGACAAGAAG	GTGYCAGCMGCCGCGGTAA
040	003-A3L	3	aspirate	healthy	left	59	Male	Hispanic	23	healthy	1	ACCTTACACCTT	GTGYCAGCMGCCGCGGTAA
043	003-A5	3	lavage	lavage	lavage	59	Male	Hispanic	23	healthy	1	TAAATATACCCT	GTGYCAGCMGCCGCGGTAA
087	006-A3R	6	aspirate	healthy	right	68	Male	White	25	serrated	2	TTCCAATACTCA	GTGYCAGCMGCCGCGGTAA
090	006-B3L	6	brush	healthy	left	68	Male	White	25	serrated	3	AACCACTAACCG	GTGYCAGCMGCCGCGGTAA
091	006-A3L	6	aspirate	healthy	left	68	Male	White	25	serrated	2	GTTTGAAACACG	GTGYCAGCMGCCGCGGTAA
094	006-A5	6	lavage	lavage	lavage	68	Male	White	25	serrated	3	TTCAGTTCGTTA	GTGYCAGCMGCCGCGGTAA
097	006-B1R	6	brush	SSP	right	68	Male	White	25	serrated	3	TCCGCCTAGTCG	GTGYCAGCMGCCGCGGTAA
098	006-B2R	6	brush	healthy	right	68	Male	White	25	serrated	3	CCTCGCATGACC	GTGYCAGCMGCCGCGGTAA
104	007-A3R	7	aspirate	healthy	right	51	Male	White	25	non-serrated	1	TGATATCGTCTT	GTGYCAGCMGCCGCGGTAA
107	007-B3L	7	brush	healthy	left	51	Male	White	25	non-serrated	1	GAAGAGGGTTGA	GTGYCAGCMGCCGCGGTAA
108	007-A3L	7	aspirate	healthy	left	51	Male	White	25	non-serrated	1	ATACATGCAAGA	GTGYCAGCMGCCGCGGTAA
111	007-A5	7	lavage	lavage	lavage	51	Male	White	25	non-serrated	1	TGAGTATGAGTA	GTGYCAGCMGCCGCGGTAA
114	007-B1R	7	brush	TA	right	51	Male	White	25	non-serrated	1	GGTTCATGAACA	GTGYCAGCMGCCGCGGTAA
115	007-B2R	7	brush	healthy	right	51	Male	White	25	non-serrated	1	GTTGATACGATG	GTGYCAGCMGCCGCGGTAA
121	008-A3R	8	aspirate	healthy	right	61	Male	White	27	non-serrated	1	AATTTAGGTAGG	GTGYCAGCMGCCGCGGTAA
124	008-B3L	8	brush	healthy	left	61	Male	White	27	non-serrated	1	CTTAGTGCAGAA	GTGYCAGCMGCCGCGGTAA
125	008-A3L	8	aspirate	healthy	left	61	Male	White	27	non-serrated	1	CATATAGCCCGA	GTGYCAGCMGCCGCGGTAA
128	008-A5	8	lavage	lavage	lavage	61	Male	White	27	non-serrated	1	TGAGTGGTCTGT	GTGYCAGCMGCCGCGGTAA
131	008-B1R	8	brush	TA	right	61	Male	White	27	non-serrated	1	GTCAACGCTGTC	GTGYCAGCMGCCGCGGTAA
132	008-B2R	8	brush	healthy	right	61	Male	White	27	non-serrated	1	CGGTGACCTACT	GTGYCAGCMGCCGCGGTAA
137	009-B3R	9	brush	healthy	right	72	Male	White	34	healthy	1	ACTCGCTCGCTG	GTGYCAGCMGCCGCGGTAA
138	009-A3R	9	aspirate	healthy	right	72	Male	White	34	healthy	1	ACTCCCGTGTGA	GTGYCAGCMGCCGCGGTAA
142	009-A3L	9	aspirate	healthy	left	72	Male	White	34	healthy	1	AGCCCTGCTACA	GTGYCAGCMGCCGCGGTAA
145	009-A5	9	lavage	lavage	lavage	72	Male	White	34	healthy	1	TAATCTCGCCGG	GTGYCAGCMGCCGCGGTAA
149	009-B2L	9	brush	healthy	left	72	Male	White	34	healthy	1	CTGTCTATACTA	GTGYCAGCMGCCGCGGTAA
189	012-A3R	12	aspirate	healthy	right	84	Male	White	22	non-serrated	1	TAACAATAATTC	GTGYCAGCMGCCGCGGTAA
192	012-B3L	12	brush	healthy	left	84	Male	White	22	non-serrated	1	GCCTATGAGATC	GTGYCAGCMGCCGCGGTAA
193	012-A3L	12	aspirate	healthy	left	84	Male	White	22	non-serrated	1	AATGGTTCAGCA	GTGYCAGCMGCCGCGGTAA
196	012-A5	12	lavage	lavage	lavage	84	Male	White	22	non-serrated	1	AATCTTGCGCCG	GTGYCAGCMGCCGCGGTAA
199	012-B1R	12	brush	TA	right	84	Male	White	22	non-serrated	1	AATGCGCGTATA	GTGYCAGCMGCCGCGGTAA
200	012-B2R	12	brush	healthy	right	84	Male	White	22	non-serrated	1	GACTCAACCAGT	GTGYCAGCMGCCGCGGTAA
205	013-B3R	13	brush	healthy	right	69	Female	White	28	serrated	3	AACCGCATAAGT	GTGYCAGCMGCCGCGGTAA
206	013-A3R	13	aspirate	healthy	right	69	Female	White	28	serrated	3	AGACTTCTCAGG	GTGYCAGCMGCCGCGGTAA
209	013-B3L	13	brush	healthy	left	69	Female	White	28	serrated	3	CGCAATGAGGGA	GTGYCAGCMGCCGCGGTAA
213	013-A5	13	lavage	lavage	lavage	69	Female	White	28	serrated	3	AACTTTCAGGAG	GTGYCAGCMGCCGCGGTAA
216	013-B1R	13	brush	HPP	right	69	Female	White	28	serrated	3	GGCGTAACGGCA	GTGYCAGCMGCCGCGGTAA
222	014-B3R	14	brush	healthy	right	53	Male	Asian	28	healthy	1	TTGCGGACCCTA	GTGYCAGCMGCCGCGGTAA
223	014-A3R	14	aspirate	healthy	right	53	Male	Asian	28	healthy	1	AGTAAAGATCGT	GTGYCAGCMGCCGCGGTAA
226	014-B3L	14	brush	healthy	left	53	Male	Asian	28	healthy	1	CGGTATAGCAAT	GTGYCAGCMGCCGCGGTAA
227	014-A3L	14	aspirate	healthy	left	53	Male	Asian	28	healthy	1	TTGCTGGACGCT	GTGYCAGCMGCCGCGGTAA
230	014-A5	14	lavage	lavage	lavage	53	Male	Asian	28	healthy	1	CCTAACGGTCCA	GTGYCAGCMGCCGCGGTAA
237	014-A5-G	14	lavage	lavage	lavage	53	Male	Asian	28	healthy	1	TTCCTTAGTAGT	GTGYCAGCMGCCGCGGTAA
256	016-B3R	16	brush	healthy	right	58	Female	White	21	healthy	1	ATCTAGTGGCAA	GTGYCAGCMGCCGCGGTAA
260	016-B3L	16	brush	healthy	left	58	Female	White	21	healthy	1	CTCGCCCTCGCC	GTGYCAGCMGCCGCGGTAA
261	016-A3L	16	aspirate	healthy	left	58	Female	White	21	healthy	1	TATGCCAGAGAT	GTGYCAGCMGCCGCGGTAA
264	016-A5	16	lavage	lavage	lavage	58	Female	White	21	healthy	1	TACTAACGCGGT	GTGYCAGCMGCCGCGGTAA
273	017-B3R	17	brush	healthy	right	66	Female	Asian	23	healthy	1	CGCGCCTTAAAC	GTGYCAGCMGCCGCGGTAA
274	017-A3R	17	aspirate	healthy	right	66	Female	Asian	23	healthy	1	GTCGTCCAAATG	GTGYCAGCMGCCGCGGTAA
277	017-B3L	17	brush	healthy	left	66	Female	Asian	23	healthy	1	CGTCCGTATGAA	GTGYCAGCMGCCGCGGTAA
278	017-A3L	17	aspirate	healthy	left	66	Female	Asian	23	healthy	1	GACTCTGCTCAG	GTGYCAGCMGCCGCGGTAA
281	017-A5	17	lavage	lavage	lavage	66	Female	Asian	23	healthy	1	CGTTTGGAATGA	GTGYCAGCMGCCGCGGTAA
291	018-A3R	18	aspirate	healthy	right	60	Female	White	39	healthy	3	AAGGCGCTCCTT	GTGYCAGCMGCCGCGGTAA
294	018-B3L	18	brush	healthy	left	60	Female	White	39	healthy	3	GAGCCATCTGTA	GTGYCAGCMGCCGCGGTAA
295	018-A3L	18	aspirate	healthy	left	60	Female	White	39	healthy	3	TGGTGGAGTTTC	GTGYCAGCMGCCGCGGTAA
298	018-A5	18	lavage	lavage	lavage	60	Female	White	39	healthy	3	TTACTTATCCGA	GTGYCAGCMGCCGCGGTAA
325	020-A3R	20	aspirate	healthy	right	54	Male	White	20	serrated	2	TAGGAACTCACC	GTGYCAGCMGCCGCGGTAA
328	020-B3L	20	brush	healthy	left	54	Male	White	20	serrated	2	ACTGTGACGTCC	GTGYCAGCMGCCGCGGTAA
329	020-A3L	20	aspirate	healthy	left	54	Male	White	20	serrated	2	ACGACAACGGGC	GTGYCAGCMGCCGCGGTAA
332	020-A5	20	lavage	lavage	lavage	54	Male	White	20	serrated	2	CATTTCGCACTT	GTGYCAGCMGCCGCGGTAA
335	020-B1R	20	brush	SSP	right	54	Male	White	20	serrated	2	CCTACCATTGTT	GTGYCAGCMGCCGCGGTAA
336	020-B2R	20	brush	healthy	right	54	Male	White	20	serrated	2	CGATGAATATCG	GTGYCAGCMGCCGCGGTAA
341	021-A3L	21	aspirate	healthy	left	33	Male	White	23	healthy	3	GTCGCTTGCACA	GTGYCAGCMGCCGCGGTAA
344	021-A3R	21	aspirate	healthy	right	33	Male	White	23	healthy	3	TTGTGTCTCCCT	GTGYCAGCMGCCGCGGTAA
347	021-A5	21	lavage	lavage	lavage	33	Male	White	23	healthy	3	TTGCCGCTCTGG	GTGYCAGCMGCCGCGGTAA
351	021-B2R	21	brush	healthy	right	33	Male	White	23	healthy	3	TACGGTCTGGAT	GTGYCAGCMGCCGCGGTAA
353	022-A3L	22	aspirate	healthy	left	37	Female	White	29	serrated	3	CCGCGTCTCAAC	GTGYCAGCMGCCGCGGTAA
356	022-A3R	22	aspirate	healthy	right	37	Female	White	29	serrated	3	CGCGCAAGTATT	GTGYCAGCMGCCGCGGTAA
359	022-A5	22	lavage	lavage	lavage	37	Female	White	29	serrated	3	CCGCAGCCGCAG	GTGYCAGCMGCCGCGGTAA
362	022-B1R	22	brush	HPP	right	37	Female	White	29	serrated	3	CCACAACGATCA	GTGYCAGCMGCCGCGGTAA
363	022-B2R	22	brush	healthy	right	37	Female	White	29	serrated	3	TCTTGCGGAGTC	GTGYCAGCMGCCGCGGTAA
364	022-B3L	22	brush	healthy	left	37	Female	White	29	serrated	3	ACGTATTCGAAG	GTGYCAGCMGCCGCGGTAA
365	023-A3L	23	aspirate	healthy	left	22	Male	White	21	healthy	1	TCTCTTTCGACA	GTGYCAGCMGCCGCGGTAA
368	023-A3R	23	aspirate	healthy	right	22	Male	White	21	healthy	1	ACGCTTAACGAC	GTGYCAGCMGCCGCGGTAA
371	023-A5	23	lavage	lavage	lavage	22	Male	White	21	healthy	1	GTCATGCTCCAG	GTGYCAGCMGCCGCGGTAA
374	023-B3R	23	brush	healthy	right	22	Male	White	21	healthy	1	GCGATCACACCT	GTGYCAGCMGCCGCGGTAA
375	023-B3L	23	brush	healthy	left	22	Male	White	21	healthy	1	TGCACAGTCGCT	GTGYCAGCMGCCGCGGTAA
400	026-A3L	26	aspirate	healthy	left	62	Female	Asian	22	non-serrated	1	TTACACAAAGGC	GTGYCAGCMGCCGCGGTAA
403	026-A3R	26	aspirate	healthy	right	62	Female	Asian	22	non-serrated	1	TGAGACCCTACA	GTGYCAGCMGCCGCGGTAA
406	026-A5	26	lavage	lavage	lavage	62	Female	Asian	22	non-serrated	1	CAAGTGAAGGGA	GTGYCAGCMGCCGCGGTAA
409	026-B1R	26	brush	TA	right	62	Female	Asian	22	non-serrated	1	GCCTCTACGTCG	GTGYCAGCMGCCGCGGTAA
410	026-B2R	26	brush	healthy	right	62	Female	Asian	22	non-serrated	1	CTTATTAAACGT	GTGYCAGCMGCCGCGGTAA
411	026-B3L	26	brush	healthy	left	62	Female	Asian	22	non-serrated	1	GAACCAGTACTC	GTGYCAGCMGCCGCGGTAA
448	030-A3L	30	aspirate	healthy	left	80	Male	White	23	healthy	1	ACGTGAGGAACG	GTGYCAGCMGCCGCGGTAA
451	030-A3R	30	aspirate	healthy	right	80	Male	White	23	healthy	1	TATGGTACCCAG	GTGYCAGCMGCCGCGGTAA
454	030-A5	30	lavage	lavage	lavage	80	Male	White	23	healthy	1	ACATACTGAGCA	GTGYCAGCMGCCGCGGTAA
457	030-B3R	30	brush	healthy	right	80	Male	White	23	healthy	1	AAGAACTCATGA	GTGYCAGCMGCCGCGGTAA
458	030-B3L	30	brush	healthy	left	80	Male	White	23	healthy	1	TACGGATTATGG	GTGYCAGCMGCCGCGGTAA
460	031-A3L	31	aspirate	healthy	left	62	Male	White	45	non-serrated	1	AGGATCAGGGAA	GTGYCAGCMGCCGCGGTAA
463	031-A3R	31	aspirate	healthy	right	62	Male	White	45	non-serrated	1	CTTGATTCTTGA	GTGYCAGCMGCCGCGGTAA
466	031-A5	31	lavage	lavage	lavage	62	Male	White	45	non-serrated	1	CGCACCCATACA	GTGYCAGCMGCCGCGGTAA
469	031-B3R	31	brush	healthy	right	62	Male	White	45	non-serrated	1	ACTTGGTGTAAG	GTGYCAGCMGCCGCGGTAA
470	031-B1R	31	brush	TA	right	62	Male	White	45	non-serrated	1	GCTCGAAGATTC	GTGYCAGCMGCCGCGGTAA
471	031-B3L	31	brush	healthy	left	62	Male	White	45	non-serrated	1	ACGACGCATTTG	GTGYCAGCMGCCGCGGTAA
473	032-A3L	32	aspirate	healthy	left	27	Male	White	23	healthy	1	TTACTGTGGCCG	GTGYCAGCMGCCGCGGTAA
475	032-A3R	32	aspirate	healthy	right	27	Male	White	23	healthy	1	CAAACGCACTAA	GTGYCAGCMGCCGCGGTAA
478	032-A5	32	lavage	lavage	lavage	27	Male	White	23	healthy	1	GGTTGCCCTGTA	GTGYCAGCMGCCGCGGTAA
482	032-B3L	32	brush	healthy	left	27	Male	White	23	healthy	1	TACAATATCTGT	GTGYCAGCMGCCGCGGTAA
484	033-A3L	33	aspirate	healthy	left	79	Male	White	24	non-serrated	1	CACGTTTATTCC	GTGYCAGCMGCCGCGGTAA
487	033-A3R	33	aspirate	healthy	right	79	Male	White	24	non-serrated	1	ACTACTGAGGAT	GTGYCAGCMGCCGCGGTAA
491	033-A5	33	lavage	lavage	lavage	79	Male	White	24	non-serrated	1	TATCCAAGCGCA	GTGYCAGCMGCCGCGGTAA
493	033-B1R	33	brush	TA	right	79	Male	White	24	non-serrated	1	ATTACGTATCAT	GTGYCAGCMGCCGCGGTAA
494	033-B2R	33	brush	healthy	right	79	Male	White	24	non-serrated	1	GAAATCTTGAAG	GTGYCAGCMGCCGCGGTAA
495	033-B3L	33	brush	healthy	left	79	Male	White	24	non-serrated	1	AATAACTAGGGT	GTGYCAGCMGCCGCGGTAA
496	034-A3L	34	aspirate	healthy	left	56	Female	Asian	31	serrated	3	CCAGGACAGGAA	GTGYCAGCMGCCGCGGTAA
499	034-A3R	34	aspirate	healthy	right	56	Female	Asian	31	serrated	3	GCGAGGAAGTCC	GTGYCAGCMGCCGCGGTAA
502	034-A5	34	lavage	lavage	lavage	56	Female	Asian	31	serrated	3	GACGTTAAGAAT	GTGYCAGCMGCCGCGGTAA
505	034-B1R	34	brush	HPP	right	56	Female	Asian	31	serrated	3	CTATCTCCTGTC	GTGYCAGCMGCCGCGGTAA
506	034-B2R	34	brush	healthy	right	56	Female	Asian	31	serrated	3	AATACAGACCTG	GTGYCAGCMGCCGCGGTAA
507	034-B3L	34	brush	healthy	left	56	Female	Asian	31	serrated	3	CCGAGGTATAAT	GTGYCAGCMGCCGCGGTAA
508	035-A3L	35	aspirate	healthy	left	58	Female	White	24	non-serrated	2	CTACAGGGTCTC	GTGYCAGCMGCCGCGGTAA
511	035-A3R	35	aspirate	healthy	right	58	Female	White	24	non-serrated	1	TATTTGATTGGT	GTGYCAGCMGCCGCGGTAA
514	035-A5	35	lavage	lavage	lavage	58	Female	White	24	non-serrated	2	ACTCTGTAATTA	GTGYCAGCMGCCGCGGTAA
517	035-B3R	35	brush	healthy	right	58	Female	White	24	non-serrated	2	GTTCATTAAACT	GTGYCAGCMGCCGCGGTAA
518	035-B1R	35	brush	TA	right	58	Female	White	24	non-serrated	2	TCGTTATTCAGT	GTGYCAGCMGCCGCGGTAA
519	035-B3L	35	brush	healthy	left	58	Female	White	24	non-serrated	2	TTCGATGCCGCA	GTGYCAGCMGCCGCGGTAA
520	036-A3L	36	aspirate	healthy	left	76	Female	Hispanic	0	non-serrated	2	TCAGACCAACTG	GTGYCAGCMGCCGCGGTAA
523	036-A3R	36	aspirate	healthy	right	76	Female	Hispanic	0	non-serrated	2	ATATGTTCTCAA	GTGYCAGCMGCCGCGGTAA
526	036-A5	36	lavage	lavage	lavage	76	Female	Hispanic	0	non-serrated	2	AGAGGGTGATCG	GTGYCAGCMGCCGCGGTAA
529	036-B1R	36	brush	TA	right	76	Female	Hispanic	0	non-serrated	2	GTGCCGGCCGAC	GTGYCAGCMGCCGCGGTAA
530	036-B2R	36	brush	healthy	right	76	Female	Hispanic	0	non-serrated	2	TCATTAGCGTGG	GTGYCAGCMGCCGCGGTAA
531	036-B3L	36	brush	healthy	left	76	Female	Hispanic	0	non-serrated	2	CTTGGAGGCTTA	GTGYCAGCMGCCGCGGTAA
544	038-A3L	38	aspirate	healthy	left	58	Male	Black	22	non-serrated	2	TCATGGCCTCCG	GTGYCAGCMGCCGCGGTAA
547	038-A3R	38	aspirate	healthy	right	58	Male	Black	22	non-serrated	2	GGATACTCGCAT	GTGYCAGCMGCCGCGGTAA
550	038-A5	38	lavage	lavage	lavage	58	Male	Black	22	non-serrated	2	TATCATATTACG	GTGYCAGCMGCCGCGGTAA
553	038-B1R	38	brush	TA	right	58	Male	Black	22	non-serrated	2	CGCCGTACTTGC	GTGYCAGCMGCCGCGGTAA
554	038-B3R	38	brush	healthy	right	58	Male	Black	22	non-serrated	2	ATGTGCTGCTCG	GTGYCAGCMGCCGCGGTAA
555	038-B3L	38	brush	healthy	left	58	Male	Black	22	non-serrated	2	CCACGAGCAGGC	GTGYCAGCMGCCGCGGTAA
580	041-A3L	41	aspirate	healthy	left	60	Male	None	35	non-serrated	2	AGCTCTAGAAAC	GTGYCAGCMGCCGCGGTAA
583	041-A3R	41	aspirate	healthy	right	60	Male	None	35	non-serrated	2	CCTTGACCGATG	GTGYCAGCMGCCGCGGTAA
586	041-A5	41	lavage	lavage	lavage	60	Male	None	35	non-serrated	2	TAAACCTGGACA	GTGYCAGCMGCCGCGGTAA
589	041-B1R	41	brush	TA	right	60	Male	None	35	non-serrated	2	CCGATAAAGGTT	GTGYCAGCMGCCGCGGTAA
590	041-B2R	41	brush	healthy	right	60	Male	None	35	non-serrated	2	AATGTTCAACTT	GTGYCAGCMGCCGCGGTAA
591	041-B1L	41	brush	TA	left	60	Male	None	35	non-serrated	2	GCGTGCCCGGCC	GTGYCAGCMGCCGCGGTAA
592	042-A3L	42	aspirate	healthy	left	70	Female	White	24	serrated	2	TCAAGTCCGCAC	GTGYCAGCMGCCGCGGTAA
595	042-A3R	42	aspirate	healthy	right	70	Female	White	24	serrated	2	CTACTCCACGAG	GTGYCAGCMGCCGCGGTAA
601	042-B1R	42	brush	SSP	right	70	Female	White	24	serrated	2	GTTCTAAGGTGA	GTGYCAGCMGCCGCGGTAA
602	042-B2R	42	brush	healthy	right	70	Female	White	24	serrated	2	GTCCGTCCTGGT	GTGYCAGCMGCCGCGGTAA
603	042-B3L	42	brush	healthy	left	70	Female	White	24	serrated	2	CTAGCGTGCGTT	GTGYCAGCMGCCGCGGTAA
604	043-A3L	43	aspirate	healthy	left	55	Female	Asian	29	non-serrated	2	CAAACTGCGTTG	GTGYCAGCMGCCGCGGTAA
607	043-A3R	43	aspirate	healthy	right	55	Female	Asian	29	non-serrated	2	CTATATTATCCG	GTGYCAGCMGCCGCGGTAA
610	043-A5	43	lavage	lavage	lavage	55	Female	Asian	29	non-serrated	2	CAGGAACCAGGA	GTGYCAGCMGCCGCGGTAA
613	043-B3R	43	brush	healthy	right	55	Female	Asian	29	non-serrated	2	CTGACACGAATA	GTGYCAGCMGCCGCGGTAA
614	043-B1L	43	brush	TA	left	55	Female	Asian	29	non-serrated	2	GTTGGACGAAGG	GTGYCAGCMGCCGCGGTAA
615	043-B2L	43	brush	healthy	left	55	Female	Asian	29	non-serrated	2	AGCAGTGCGGTG	GTGYCAGCMGCCGCGGTAA
628	045-A3L	45	aspirate	healthy	left	73	Male	White	22	non-serrated	2	CCAACCCAGATC	GTGYCAGCMGCCGCGGTAA
631	045-A3R	45	aspirate	healthy	right	73	Male	White	22	non-serrated	2	CAAAGGAGCCCG	GTGYCAGCMGCCGCGGTAA
634	045-A5	45	lavage	lavage	lavage	73	Male	White	22	non-serrated	2	GCATATGCACTG	GTGYCAGCMGCCGCGGTAA
638	045-B2R	45	brush	healthy	right	73	Male	White	22	non-serrated	2	ACCGAACAATCC	GTGYCAGCMGCCGCGGTAA
639	045-B1L	45	brush	TA	left	73	Male	White	22	non-serrated	2	GCTGCCCACCTA	GTGYCAGCMGCCGCGGTAA
640	046-A3L	46	aspirate	healthy	left	67	Female	White	39	non-serrated	2	GCATAAACGACT	GTGYCAGCMGCCGCGGTAA
643	046-A3R	46	aspirate	healthy	right	67	Female	White	39	non-serrated	2	GTCACTCCGAAC	GTGYCAGCMGCCGCGGTAA
646	046-A5	46	lavage	lavage	lavage	67	Female	White	39	non-serrated	2	CGACACGGAGAA	GTGYCAGCMGCCGCGGTAA
649	046-B1R	46	brush	TA	right	67	Female	White	39	non-serrated	2	ACGGTACCCTAC	GTGYCAGCMGCCGCGGTAA
650	046-B2R	46	brush	healthy	right	67	Female	White	39	non-serrated	2	TGCGGCGTCAGG	GTGYCAGCMGCCGCGGTAA
651	046-B3L	46	brush	healthy	left	67	Female	White	39	non-serrated	2	TTAAGTTAAGTT	GTGYCAGCMGCCGCGGTAA
652	047-A3L	47	aspirate	healthy	left	61	Female	White	21	serrated	3	AGTTCTCATTAA	GTGYCAGCMGCCGCGGTAA
655	047-A3R	47	aspirate	healthy	right	61	Female	White	21	serrated	3	TGGAGCCTTGTC	GTGYCAGCMGCCGCGGTAA
658	047-A5	47	lavage	lavage	lavage	61	Female	White	21	serrated	3	AGATTCGCTCGA	GTGYCAGCMGCCGCGGTAA
661	047-B1R	47	brush	HPP	right	61	Female	White	21	serrated	3	GGACAAGTGCGA	GTGYCAGCMGCCGCGGTAA
662	047-B3L	47	brush	healthy	left	61	Female	White	21	serrated	3	GCGCGGCGTTGC	GTGYCAGCMGCCGCGGTAA
664	048-A3L	48	aspirate	healthy	left	75	Female	Asian	21	non-serrated	2	CCGGCGACAGAA	GTGYCAGCMGCCGCGGTAA
667	048-A3R	48	aspirate	healthy	right	75	Female	Asian	21	non-serrated	2	GCGTTTGCTAGC	GTGYCAGCMGCCGCGGTAA
670	048-A5	48	lavage	lavage	lavage	75	Female	Asian	21	non-serrated	2	AGCCGCGGGTCC	GTGYCAGCMGCCGCGGTAA
673	048-B3R	48	brush	healthy	right	75	Female	Asian	21	non-serrated	2	CGTTCTGGTGGT	GTGYCAGCMGCCGCGGTAA
675	048-B3L	48	brush	healthy	left	75	Female	Asian	21	non-serrated	2	ATCGTAGTGGTC	GTGYCAGCMGCCGCGGTAA
677	049-A3L	49	aspirate	healthy	left	65	Female	Asian	27	non-serrated	2	TCCACAGGGTTC	GTGYCAGCMGCCGCGGTAA
679	049-A3R	49	aspirate	healthy	right	65	Female	Asian	27	non-serrated	2	TGAGTCATTGAG	GTGYCAGCMGCCGCGGTAA
682	049-A5	49	lavage	lavage	lavage	65	Female	Asian	27	non-serrated	2	CTTGCTCATAAT	GTGYCAGCMGCCGCGGTAA
685	049-B1R	49	brush	TA	right	65	Female	Asian	27	non-serrated	2	TAGTTCGGTGAC	GTGYCAGCMGCCGCGGTAA
686	049-B1L	49	brush	TA	left	65	Female	Asian	27	non-serrated	2	ACTAAAGCAAAC	GTGYCAGCMGCCGCGGTAA
713	052-A3L	52	aspirate	healthy	left	68	Male	White	22	non-serrated	3	TTAACAAGGCAA	GTGYCAGCMGCCGCGGTAA
716	052-A3R	52	aspirate	healthy	right	68	Male	White	22	non-serrated	3	GATCTAATCGAG	GTGYCAGCMGCCGCGGTAA
719	052-A5	52	lavage	lavage	lavage	68	Male	White	22	non-serrated	3	CAATGTAGACAC	GTGYCAGCMGCCGCGGTAA
722	052-B1R	52	brush	TA	right	68	Male	White	22	non-serrated	3	CAAATTCGGGAT	GTGYCAGCMGCCGCGGTAA
882	066-A3L	66	aspirate	healthy	left	51	Male	White	23	serrated	2	ACATGATATTCT	GTGYCAGCMGCCGCGGTAA
885	066-A3R	66	aspirate	healthy	right	51	Male	White	23	serrated	2	TCCGGCGGGCAA	GTGYCAGCMGCCGCGGTAA
888	066-A5	66	lavage	lavage	lavage	51	Male	White	23	serrated	2	TAGTCTAAGGGT	GTGYCAGCMGCCGCGGTAA
891	066-B3R	66	brush	healthy	right	51	Male	White	23	serrated	2	TAAGGCATCGCT	GTGYCAGCMGCCGCGGTAA
892	066-B1R	66	brush	SSP	right	51	Male	White	23	serrated	2	CGAGGCGAGTCA	GTGYCAGCMGCCGCGGTAA
893	066-B3L	66	brush	healthy	left	51	Male	White	23	serrated	2	CACACAAAGTCA	GTGYCAGCMGCCGCGGTAA
1221	092-A3L	92	aspirate	healthy	left	54	Female	Hispanic	27	serrated	2	CATGTCTTCCAT	GTGYCAGCMGCCGCGGTAA
1224	092-A3R	92	aspirate	healthy	right	54	Female	Hispanic	27	serrated	2	ATGACTAAGATG	GTGYCAGCMGCCGCGGTAA
1227	092-A5	92	lavage	lavage	lavage	54	Female	Hispanic	27	serrated	2	GTCAGGTGCGGC	GTGYCAGCMGCCGCGGTAA
1230	092-B3R	92	brush	healthy	right	54	Female	Hispanic	27	serrated	2	TAATCCATAATC	GTGYCAGCMGCCGCGGTAA
1231	092-B1R	92	brush	SSP	right	54	Female	Hispanic	27	serrated	2	AGCGCGGCGAAT	GTGYCAGCMGCCGCGGTAA
1232	092-B3L	92	brush	healthy	left	54	Female	Hispanic	27	serrated	2	GCAACGAACGAG	GTGYCAGCMGCCGCGGTAA
1351	102-A3L	102	aspirate	healthy	left	68	Male	White	20	serrated	2	ACCTACTTGTCT	GTGYCAGCMGCCGCGGTAA
1354	102-A3R	102	aspirate	healthy	right	68	Male	White	20	serrated	2	GGTAGTTCATAG	GTGYCAGCMGCCGCGGTAA
1357	102-A5	102	lavage	lavage	lavage	68	Male	White	20	serrated	2	TTAATGGATCGG	GTGYCAGCMGCCGCGGTAA
1360	102-B3R	102	brush	healthy	right	68	Male	White	20	serrated	2	GGAGAACGACAC	GTGYCAGCMGCCGCGGTAA
1361	102-B1R	102	brush	SSP	right	68	Male	White	20	serrated	2	CTAATCAGAGTG	GTGYCAGCMGCCGCGGTAA
1362	102-B3L	102	brush	healthy	left	68	Male	White	20	serrated	2	AATTAATATGTA	GTGYCAGCMGCCGCGGTAA
591-5	041-B2L	41	brush	healthy	left	60	Male	None	35	non-serrated	2	CAATCATAGGTG	GTGYCAGCMGCCGCGGTAA
639-5	045-B2L	45	brush	healthy	left	73	Male	White	22	non-serrated	2	TCGAGAGTTTGC	GTGYCAGCMGCCGCGGTAA
673-5	048-B1R	48	brush	TA	right	75	Female	Asian	21	non-serrated	2	CGCTGTGGATTA	GTGYCAGCMGCCGCGGTAA
685-5	049-B2R	49	brush	healthy	right	65	Female	Asian	27	non-serrated	2	AGATCGTGCCTA	GTGYCAGCMGCCGCGGTAA
686-5	049-B2L	49	brush	healthy	left	65	Female	Asian	27	non-serrated	2	CCTCACTAGCGA	GTGYCAGCMGCCGCGGTAA
722-5	052-B2R	52	brush	healthy	right	68	Male	White	22	non-serrated	3	ATGGGACCTTCA	GTGYCAGCMGCCGCGGTAA
