#SampleID	SampleLabel	Patient	SampleType	SampleSite	ColonLocation	Age	Gender	Ethnicity	BMI	LabDiagnosis	BarcodeSequence	LinkerPrimerSeq
001-ITS	001-B3R	1	brush	healthy	right	65	Female	White	36	healthy	CTTGTGCGACAA	TCCTCCGCTTATTGATATGC
002-ITS	001-A3R	1	aspirate	healthy	right	65	Female	White	36	healthy	TTACCGACGAGT	TCCTCCGCTTATTGATATGC
005-ITS	001-B3L	1	brush	healthy	left	65	Female	White	36	healthy	GTACGCACAGTT	TCCTCCGCTTATTGATATGC
009-ITS	001-A5	1	lavage	lavage	lavage	65	Female	White	36	healthy	GATACGTTCGCA	TCCTCCGCTTATTGATATGC
018-ITS	002-B3R	2	brush	healthy	right	41	Male	Black	31	healthy	GACTAGTCAGCT	TCCTCCGCTTATTGATATGC
019-ITS	002-A3R	2	aspirate	healthy	right	41	Male	Black	31	healthy	GGACTTCCAGCT	TCCTCCGCTTATTGATATGC
022-ITS	002-B3L	2	brush	healthy	left	41	Male	Black	31	healthy	ATTGGACACGCT	TCCTCCGCTTATTGATATGC
023-ITS	002-A3L	2	aspirate	healthy	left	41	Male	Black	31	healthy	GTGGTGGTTTCC	TCCTCCGCTTATTGATATGC
026-ITS	002-A5	2	lavage	lavage	lavage	41	Male	Black	31	healthy	TGCGCTGAATGT	TCCTCCGCTTATTGATATGC
035-ITS	003-B3R	3	brush	healthy	right	59	Male	Hispanic	23	healthy	CAGCTGGTTCAA	TCCTCCGCTTATTGATATGC
036-ITS	003-A3R	3	aspirate	healthy	right	59	Male	Hispanic	23	healthy	AGCAGAACATCT	TCCTCCGCTTATTGATATGC
039-ITS	003-B3L	3	brush	healthy	left	59	Male	Hispanic	23	healthy	TGCATACACTGG	TCCTCCGCTTATTGATATGC
040-ITS	003-A3L	3	aspirate	healthy	left	59	Male	Hispanic	23	healthy	TTAGAGCCATGC	TCCTCCGCTTATTGATATGC
043-ITS	003-A5	3	lavage	lavage	lavage	59	Male	Hispanic	23	healthy	CTCATGGTAGCA	TCCTCCGCTTATTGATATGC
087-ITS	006-A3R	6	aspirate	healthy	right	68	Male	White	25	serrated	ACTTGGTGTAAG	TCCTCCGCTTATTGATATGC
090-ITS	006-B3L	6	brush	healthy	left	68	Male	White	25	serrated	ATGTGGCGTGTT	TCCTCCGCTTATTGATATGC
091-ITS	006-A3L	6	aspirate	healthy	left	68	Male	White	25	serrated	TCTTGGAGGTCA	TCCTCCGCTTATTGATATGC
094-ITS	006-A5	6	lavage	lavage	lavage	68	Male	White	25	serrated	AGCCGACTCTGT	TCCTCCGCTTATTGATATGC
097-ITS	006-B1R	6	brush	SSP	right	68	Male	White	25	serrated	GATTTAGAGGCT	TCCTCCGCTTATTGATATGC
098-ITS	006-B2R	6	brush	healthy	right	68	Male	White	25	serrated	TGTGTTACTCCT	TCCTCCGCTTATTGATATGC
104-ITS	007-A3R	7	aspirate	healthy	right	51	Male	White	25	non-serrated	GCGTCCATGAAT	TCCTCCGCTTATTGATATGC
107-ITS	007-B3L	7	brush	healthy	left	51	Male	White	25	non-serrated	TTGGCTCTATTC	TCCTCCGCTTATTGATATGC
108-ITS	007-A3L	7	aspirate	healthy	left	51	Male	White	25	non-serrated	TAGCGTTCCAGA	TCCTCCGCTTATTGATATGC
111-ITS	007-A5	7	lavage	lavage	lavage	51	Male	White	25	non-serrated	GATCCCACGTAC	TCCTCCGCTTATTGATATGC
114-ITS	007-B1R	7	brush	TA	right	51	Male	White	25	non-serrated	GCATTACTGGAC	TCCTCCGCTTATTGATATGC
115-ITS	007-B2R	7	brush	healthy	right	51	Male	White	25	non-serrated	GTTCTCTTCTCG	TCCTCCGCTTATTGATATGC
121-ITS	008-A3R	8	aspirate	healthy	right	61	Male	White	27	non-serrated	AAGGCGCTCCTT	TCCTCCGCTTATTGATATG
124-ITS	008-B3L	8	brush	healthy	left	61	Male	White	27	non-serrated	GTGAGTCATACC	TCCTCCGCTTATTGATATGC
125-ITS	008-A3L	8	aspirate	healthy	left	61	Male	White	27	non-serrated	ATGGCCTGACTA	TCCTCCGCTTATTGATATGC
128-ITS	008-A5	8	lavage	lavage	lavage	61	Male	White	27	non-serrated	GACTTCATGCGA	TCCTCCGCTTATTGATATGC
131-ITS	008-B1R	8	brush	TA	right	61	Male	White	27	non-serrated	CTCTGAGGTAAC	TCCTCCGCTTATTGATATGC
132-ITS	008-B2R	8	brush	healthy	right	61	Male	White	27	non-serrated	CGTAAGATGCCT	TCCTCCGCTTATTGATATGC
137-ITS	009-B3R	9	brush	healthy	right	72	Male	White	34	healthy	TGGAGTAGGTGG	TCCTCCGCTTATTGATATGC
138-ITS	009-A3R	9	aspirate	healthy	right	72	Male	White	34	healthy	GGATACTCGCAT	TCCTCCGCTTATTGATATGC
142-ITS	009-A3L	9	aspirate	healthy	left	72	Male	White	34	healthy	TCGCATGGATAC	TCCTCCGCTTATTGATATGC
145-ITS	009-A5	9	lavage	lavage	lavage	72	Male	White	34	healthy	ATAAGGTCGCCT	TCCTCCGCTTATTGATATGC
149-ITS	009-B2L	9	brush	healthy	left	72	Male	White	34	healthy	ACGTGCCTTAGA	TCCTCCGCTTATTGATATGC
189-ITS	012-A3R	12	aspirate	healthy	right	84	Male	White	22	non-serrated	GCTATGGAACTC	TCCTCCGCTTATTGATATGC
192-ITS	012-B3L	12	brush	healthy	left	84	Male	White	22	non-serrated	TTGCAAGTACCG	TCCTCCGCTTATTGATATGC
193-ITS	012-A3L	12	aspirate	healthy	left	84	Male	White	22	non-serrated	CGTGCACAATTG	TCCTCCGCTTATTGATATGC
196-ITS	012-A5	12	lavage	lavage	lavage	84	Male	White	22	non-serrated	TGGTCCTACAAG	TCCTCCGCTTATTGATATGC
199-ITS	012-B1R	12	brush	TA	right	84	Male	White	22	non-serrated	CTGTTACAGCGA	TCCTCCGCTTATTGATATGC
200-ITS	012-B2R	12	brush	healthy	right	84	Male	White	22	non-serrated	GCTCACAATGTG	TCCTCCGCTTATTGATATGC
205-ITS	013-B3R	13	brush	healthy	right	69	Female	White	28	serrated	GTCTAGTATTTC	TCCTCCGCTTATTGATATGC
209-ITS	013-B3L	13	brush	healthy	left	69	Female	White	28	serrated	CCGTCAAGATGT	TCCTCCGCTTATTGATATGC
213-ITS	013-A5	13	lavage	lavage	lavage	69	Female	White	28	serrated	AGACATACCGTA	TCCTCCGCTTATTGATATGC
216-ITS	013-B1R	13	brush	HPP	right	69	Female	White	28	serrated	CCATATCCCGGA	TCCTCCGCTTATTGATATGC
222-ITS	014-B3R	14	brush	healthy	right	53	Male	Asian	28	healthy	CTCACAACCGTG	TCCTCCGCTTATTGATATGC
223-ITS	014-A3R	14	aspirate	healthy	right	53	Male	Asian	28	healthy	TTAAGCGCCTGA	TCCTCCGCTTATTGATATGC
226-ITS	014-B3L	14	brush	healthy	left	53	Male	Asian	28	healthy	GCAACACCATCC	TCCTCCGCTTATTGATATGC
227-ITS	014-A3L	14	aspirate	healthy	left	53	Male	Asian	28	healthy	ACGCAATGTCTG	TCCTCCGCTTATTGATATGC
230-ITS	014-A5	14	lavage	lavage	lavage	53	Male	Asian	28	healthy	AGCGAACCTGTT	TCCTCCGCTTATTGATATGC
237-ITS	014-A5-G	14	lavage	lavage	lavage	53	Male	Asian	28	healthy	TAGACACCGTGT	TCCTCCGCTTATTGATATGC
256-ITS	016-B3R	16	brush	healthy	right	58	Female	White	21	healthy	AGTGGCACTATC	TCCTCCGCTTATTGATATGC
260-ITS	016-B3L	16	brush	healthy	left	58	Female	White	21	healthy	CCTGCGAAGTAT	TCCTCCGCTTATTGATATGC
261-ITS	016-A3L	16	aspirate	healthy	left	58	Female	White	21	healthy	TGAACTAGCGTC	TCCTCCGCTTATTGATATGC
264-ITS	016-A5	16	lavage	lavage	lavage	58	Female	White	21	healthy	GCTCGAAGATTC	TCCTCCGCTTATTGATATGC
273-ITS	017-B3R	17	brush	healthy	right	66	Female	Asian	23	healthy	GCGATATATCGC	TCCTCCGCTTATTGATATGC
274-ITS	017-A3R	17	aspirate	healthy	right	66	Female	Asian	23	healthy	GCGGACTATTCA	TCCTCCGCTTATTGATATGC
277-ITS	017-B3L	17	brush	healthy	left	66	Female	Asian	23	healthy	TCAGCTGACTAG	TCCTCCGCTTATTGATATGC
278-ITS	017-A3L	17	aspirate	healthy	left	66	Female	Asian	23	healthy	TCGTGACGCTAA	TCCTCCGCTTATTGATATGC
281-ITS	017-A5	17	lavage	lavage	lavage	66	Female	Asian	23	healthy	TATTCAGCGGAC	TCCTCCGCTTATTGATATGC
291-ITS	018-A3R	18	aspirate	healthy	right	60	Female	White	39	healthy	GTGAGCACGCAG	TCCTCCGCTTATTGATATGC
294-ITS	018-B3L	18	brush	healthy	left	60	Female	White	39	healthy	ACCCTCAGCCCA	TCCTCCGCTTATTGATATGC
295-ITS	018-A3L	18	aspirate	healthy	left	60	Female	White	39	healthy	CAGGTAATAATG	TCCTCCGCTTATTGATATGC
298-ITS	018-A5	18	lavage	lavage	lavage	60	Female	White	39	healthy	CATGACGCCTCC	TCCTCCGCTTATTGATATGC
325-ITS	020-A3R	20	aspirate	healthy	right	54	Male	White	20	serrated	GATTCCGGCTCA	TCCTCCGCTTATTGATATGC
328-ITS	020-B3L	20	brush	healthy	left	54	Male	White	20	serrated	ATGGGTTCCGTC	TCCTCCGCTTATTGATATGC
329-ITS	020-A3L	20	aspirate	healthy	left	54	Male	White	20	serrated	CGTAATTGCCGC	TCCTCCGCTTATTGATATGC
332-ITS	020-A5	20	lavage	lavage	lavage	54	Male	White	20	serrated	AACTAGTTCAGG	TCCTCCGCTTATTGATATGC
335-ITS	020-B1R	20	brush	SSP	right	54	Male	White	20	serrated	TAGGCATGCTTG	TCCTCCGCTTATTGATATGC
336-ITS	020-B2R	20	brush	healthy	right	54	Male	White	20	serrated	GGTGACTAGTTC	TCCTCCGCTTATTGATATGC
341-ITS	021-A3L	21	aspirate	healthy	left	33	Male	White	23	healthy	ACCTTCGCGCAC	TCCTCCGCTTATTGATATGC
344-ITS	021-A3R	21	aspirate	healthy	right	33	Male	White	23	healthy	ATCTGGACGATC	TCCTCCGCTTATTGATATGC
347-ITS	021-A5	21	lavage	lavage	lavage	33	Male	White	23	healthy	CTGCCCTCGATG	TCCTCCGCTTATTGATATGC
351-ITS	021-B2R	21	brush	healthy	right	33	Male	White	23	healthy	TCCGCAACCTGA	TCCTCCGCTTATTGATATGC
353-ITS	022-A3L	22	aspirate	healthy	left	37	Female	White	29	serrated	GTGTTCCCAGAA	TCCTCCGCTTATTGATATGC
356-ITS	022-A3R	22	aspirate	healthy	right	37	Female	White	29	serrated	AAGGCTGGGCAC	TCCTCCGCTTATTGATATGC
359-ITS	022-A5	22	lavage	lavage	lavage	37	Female	White	29	serrated	AGCTGCACCTAA	TCCTCCGCTTATTGATATGC
362-ITS	022-B1R	22	brush	HPP	right	37	Female	White	29	serrated	AAGCATTGAGAT	TCCTCCGCTTATTGATATGC
363-ITS	022-B2R	22	brush	healthy	right	37	Female	White	29	serrated	GATATCGATGAA	TCCTCCGCTTATTGATATGC
364-ITS	022-B3L	22	brush	healthy	left	37	Female	White	29	serrated	GCAGGGTCGAAC	TCCTCCGCTTATTGATATGC
365-ITS	023-A3L	23	aspirate	healthy	left	22	Male	White	21	healthy	TTGTAGCCGACA	TCCTCCGCTTATTGATATGC
368-ITS	023-A3R	23	aspirate	healthy	right	22	Male	White	21	healthy	CCAGAAGTGTTC	TCCTCCGCTTATTGATATGC
371-ITS	023-A5	23	lavage	lavage	lavage	22	Male	White	21	healthy	GGCCTATATCAG	TCCTCCGCTTATTGATATGC
374-ITS	023-B3R	23	brush	healthy	right	22	Male	White	21	healthy	AGACGTTGCTAC	TCCTCCGCTTATTGATATGC
375-ITS	023-B3L	23	brush	healthy	left	22	Male	White	21	healthy	ATCGCTTAAGGC	TCCTCCGCTTATTGATATGC
400-ITS	026-A3L	26	aspirate	healthy	left	62	Female	Asian	22	non-serrated	CTGCATACTGAG	TCCTCCGCTTATTGATATGC
403-ITS	026-A3R	26	aspirate	healthy	right	62	Female	Asian	22	non-serrated	CAGGATTCGTAC	TCCTCCGCTTATTGATATGC
406-ITS	026-A5	26	lavage	lavage	lavage	62	Female	Asian	22	non-serrated	CCTAGTAAGCTG	TCCTCCGCTTATTGATATGC
410-ITS	026-B2R	26	brush	healthy	right	62	Female	Asian	22	non-serrated	CGAGCAATCCTA	TCCTCCGCTTATTGATATGC
411-ITS	026-B3L	26	brush	healthy	left	62	Female	Asian	22	non-serrated	TGTAACGCCGAT	TCCTCCGCTTATTGATATGC
448-ITS	030-A3L	30	aspirate	healthy	left	80	Male	White	23	healthy	TAAGTCGGCCTA	TCCTCCGCTTATTGATATGC
451-ITS	030-A3R	30	aspirate	healthy	right	80	Male	White	23	healthy	GTCAGCCGTTAA	TCCTCCGCTTATTGATATGC
454-ITS	030-A5	30	lavage	lavage	lavage	80	Male	White	23	healthy	TCTGTAGAGCCA	TCCTCCGCTTATTGATATGC
457-ITS	030-B3R	30	brush	healthy	right	80	Male	White	23	healthy	TAATCGGTGCCA	TCCTCCGCTTATTGATATGC
458-ITS	030-B3L	30	brush	healthy	left	80	Male	White	23	healthy	CTACTAGCGGTA	TCCTCCGCTTATTGATATGC
460-ITS	031-A3L	31	aspirate	healthy	left	62	Male	White	45	non-serrated	TACGCGTACAGT	TCCTCCGCTTATTGATATGC
463-ITS	031-A3R	31	aspirate	healthy	right	62	Male	White	45	non-serrated	ACGATCATCTGG	TCCTCCGCTTATTGATATGC
466-ITS	031-A5	31	lavage	lavage	lavage	62	Male	White	45	non-serrated	ATGCGAGACTTC	TCCTCCGCTTATTGATATGC
469-ITS	031-B3R	31	brush	healthy	right	62	Male	White	45	non-serrated	TCACTGCTAGGA	TCCTCCGCTTATTGATATGC
470-ITS	031-B1R	31	brush	TA	right	62	Male	White	45	non-serrated	AGCCTCATGATG	TCCTCCGCTTATTGATATGC
471-ITS	031-B3L	31	brush	healthy	left	62	Male	White	45	non-serrated	AATTGTGTCGGA	TCCTCCGCTTATTGATATGC
473-ITS	032-A3L	32	aspirate	healthy	left	27	Male	White	23	healthy	TCAGGACGTATC	TCCTCCGCTTATTGATATGC
475-ITS	032-A3R	32	aspirate	healthy	right	27	Male	White	23	healthy	TAGAGCTGCCAT	TCCTCCGCTTATTGATATGC
478-ITS	032-A5	32	lavage	lavage	lavage	27	Male	White	23	healthy	GCTCCTTAGAAG	TCCTCCGCTTATTGATATGC
482-ITS	032-B3L	32	brush	healthy	left	27	Male	White	23	healthy	TCCAGATAGCGT	TCCTCCGCTTATTGATATGC
484-ITS	033-A3L	33	aspirate	healthy	left	79	Male	White	24	non-serrated	CTAGGATCACTG	TCCTCCGCTTATTGATATGC
487-ITS	033-A3R	33	aspirate	healthy	right	79	Male	White	24	non-serrated	CTTAGAACGTGC	TCCTCCGCTTATTGATATGC
491-ITS	033-A5	33	lavage	lavage	lavage	79	Male	White	24	non-serrated	AGTATTCGCGCA	TCCTCCGCTTATTGATATGC
493-ITS	033-B1R	33	brush	TA	right	79	Male	White	24	non-serrated	ACATGTCACGTG	TCCTCCGCTTATTGATATGC
494-ITS	033-B2R	33	brush	healthy	right	79	Male	White	24	non-serrated	GTAACGGCTCTA	TCCTCCGCTTATTGATATGC
495-ITS	033-B3L	33	brush	healthy	left	79	Male	White	24	non-serrated	GAGCCATCTGTA	TCCTCCGCTTATTGATATGC
496-ITS	034-A3L	34	aspirate	healthy	left	56	Female	Asian	31	non-serrated	ACCTCTATTCGT	TCCTCCGCTTATTGATATGC
502-ITS	034-A5	34	aspirate	lavage	lavage	56	Female	Asian	31	non-serrated	TAGAGGCGTAGG	TCCTCCGCTTATTGATATGC
507-ITS	034-B3L	34	brush	healthy	left	56	Female	Asian	31	non-serrated	CTCGAGCGTACT	TCCTCCGCTTATTGATATGC
508-ITS	035-A3L	35	aspirate	healthy	left	58	Female	White	24	non-serrated	TCCCTTGTCTCC	TCCTCCGCTTATTGATATGC
511-ITS	035-A3R	35	aspirate	healthy	right	58	Female	White	24	non-serrated	AACTCCTGTGGA	TCCTCCGCTTATTGATATGC
514-ITS	035-A5	35	lavage	lavage	lavage	58	Female	White	24	non-serrated	TGGTCAACGATA	TCCTCCGCTTATTGATATGC
517-ITS	035-B3R	35	brush	healthy	right	58	Female	White	24	non-serrated	ACGAGACTGATT	TCCTCCGCTTATTGATATGC
518-ITS	035-B1R	35	brush	TA	right	58	Female	White	24	non-serrated	ATCACCAGGTGT	TCCTCCGCTTATTGATATGC
519-ITS	035-B3L	35	brush	healthy	left	58	Female	White	24	non-serrated	GCTGTACGGATT	TCCTCCGCTTATTGATATGC
520-ITS	036-A3L	36	aspirate	healthy	left	76	Female	Hispanic	0	non-serrated	GTCGTGTAGCCT	TCCTCCGCTTATTGATATGC
523-ITS	036-A3R	36	aspirate	healthy	right	76	Female	Hispanic	0	non-serrated	ATCGCACAGTAA	TCCTCCGCTTATTGATATGC
526-ITS	036-A5	36	lavage	lavage	lavage	76	Female	Hispanic	0	non-serrated	ACCGGTATGTAC	TCCTCCGCTTATTGATATGC
529-ITS	036-B1R	36	brush	TA	right	76	Female	Hispanic	0	non-serrated	TACAGCGCATAC	TCCTCCGCTTATTGATATGC
530-ITS	036-B2R	36	brush	healthy	right	76	Female	Hispanic	0	non-serrated	AGCGGAGGTTAG	TCCTCCGCTTATTGATATGC
531-ITS	036-B3L	36	brush	healthy	left	76	Female	Hispanic	0	non-serrated	ATCCTTTGGTTC	TCCTCCGCTTATTGATATGC
544-ITS	038-A3L	38	aspirate	healthy	left	58	Male	Black	22	non-serrated	ACCAGTGACTCA	TCCTCCGCTTATTGATATGC
547-ITS	038-A3R	38	aspirate	healthy	right	58	Male	Black	22	non-serrated	AGTCGAACGAGG	TCCTCCGCTTATTGATATGC
550-ITS	038-A5	38	lavage	lavage	lavage	58	Male	Black	22	non-serrated	CATTATGGCGTG	TCCTCCGCTTATTGATATGC
553-ITS	038-B1R	38	brush	TA	right	58	Male	Black	22	non-serrated	TAACGTGTGTGC	TCCTCCGCTTATTGATATGC
554-ITS	038-B3R	38	brush	healthy	right	58	Male	Black	22	non-serrated	GAATACCATCAG	TCCTCCGCTTATTGATATGC
555-ITS	038-B3L	38	brush	healthy	left	58	Male	Black	22	non-serrated	GTAGATCGTGTA	TCCTCCGCTTATTGATATGC
580-ITS	041-A3L	41	aspirate	healthy	left	60	Male	unknown	35	non-serrated	GATCTGCGATCC	TCCTCCGCTTATTGATATGC
583-ITS	041-A3R	41	aspirate	healthy	right	60	Male	unknown	35	non-serrated	CCAATACGCCTG	TCCTCCGCTTATTGATATGC
586-ITS	041-A5	41	lavage	lavage	lavage	60	Male	unknown	35	non-serrated	CAAATTCGGGAT	TCCTCCGCTTATTGATATGC
589-ITS	041-B1R	41	brush	TA	right	60	Male	unknown	35	non-serrated	GTATCTGCGCGT	TCCTCCGCTTATTGATATGC
590-ITS	041-B2R	41	brush	healthy	right	60	Male	unknown	35	non-serrated	CAGCTCATCAGC	TCCTCCGCTTATTGATATGC
591-ITS	041-B1L	41	brush	TA	left	60	Male	unknown	35	non-serrated	CGAGGGAATCAG	TCCTCCGCTTATTGATATGC
592-ITS	042-A3L	42	aspirate	healthy	left	70	Female	White	24	serrated	GTACGATATGAC	TCCTCCGCTTATTGATATGC
595-ITS	042-A3R	42	aspirate	healthy	right	70	Female	White	24	serrated	AGCATGTCCCGT	TCCTCCGCTTATTGATATGC
598-ITS	042-A5	42	lavage	lavage	lavage	70	Female	White	24	serrated	GTTGTTCTGGGA	TCCTCCGCTTATTGATATGC
601-ITS	042-B1R	42	brush	SSP	right	70	Female	White	24	serrated	GCGTTCTAGCTG	TCCTCCGCTTATTGATATGC
602-ITS	042-B2R	42	brush	healthy	right	70	Female	White	24	serrated	TAGTATGCGCAA	TCCTCCGCTTATTGATATGC
603-ITS	042-B3L	42	brush	healthy	left	70	Female	White	24	serrated	ATGGCTGTCAGT	TCCTCCGCTTATTGATATGC
604-ITS	043-A3L	43	aspirate	healthy	left	55	Female	Asian	29	non-serrated	AGTTACGAGCTA	TCCTCCGCTTATTGATATGC
607-ITS	043-A3R	43	aspirate	healthy	right	55	Female	Asian	29	non-serrated	AGATTGACCAAC	TCCTCCGCTTATTGATATGC
610-ITS	043-A5	43	lavage	lavage	lavage	55	Female	Asian	29	non-serrated	TACGAGCCCTAA	TCCTCCGCTTATTGATATGC
613-ITS	043-B3R	43	brush	healthy	right	55	Female	Asian	29	non-serrated	GCATATGCACTG	TCCTCCGCTTATTGATATGC
614-ITS	043-B1L	43	brush	TA	left	55	Female	Asian	29	non-serrated	TTGCGTTAGCAG	TCCTCCGCTTATTGATATGC
615-ITS	043-B2L	43	brush	healthy	left	55	Female	Asian	29	non-serrated	CAACTCCCGTGA	TCCTCCGCTTATTGATATGC
628-ITS	045-A3L	45	aspirate	healthy	left	73	Male	White	22	non-serrated	TGCAGTCCTCGA	TCCTCCGCTTATTGATATGC
631-ITS	045-A3R	45	aspirate	healthy	right	73	Male	White	22	non-serrated	CACTACGCTAGA	TCCTCCGCTTATTGATATGC
638-ITS	045-B2R	45	brush	healthy	right	73	Male	White	22	non-serrated	ACCATAGCTCCG	TCCTCCGCTTATTGATATGC
639-ITS	045-B1L	45	brush	TA	left	73	Male	White	22	non-serrated	GAACACTTTGGA	TCCTCCGCTTATTGATATGC
640-ITS	046-A3L	46	aspirate	healthy	left	67	Female	White	39	non-serrated	TCGGAATTAGAC	TCCTCCGCTTATTGATATGC
643-ITS	046-A3R	46	aspirate	healthy	right	67	Female	White	39	non-serrated	TAATACGGATCG	TCCTCCGCTTATTGATATGC
646-ITS	046-A5	46	lavage	lavage	lavage	67	Female	White	39	non-serrated	GGCCAGTTCCTA	TCCTCCGCTTATTGATATGC
649-ITS	046-B1R	46	brush	TA	right	67	Female	White	39	non-serrated	TACTACGTGGCC	TCCTCCGCTTATTGATATGC
650-ITS	046-B2R	46	brush	healthy	right	67	Female	White	39	non-serrated	TGTGAATTCGGA	TCCTCCGCTTATTGATATGC
651-ITS	046-B3L	46	brush	healthy	left	67	Female	White	39	non-serrated	CATTCGTGGCGT	TCCTCCGCTTATTGATATGC
652-ITS	047-A3L	47	aspirate	healthy	left	61	Female	White	21	serrated	CCGCTGATGTCA	TCCTCCGCTTATTGATATGC
655-ITS	047-A3R	47	aspirate	healthy	right	61	Female	White	21	serrated	GGAGTGCCCGAA	TCCTCCGCTTATTGATATGC
658-ITS	047-A5	47	lavage	lavage	lavage	61	Female	White	21	serrated	GCTGTGATTCGA	TCCTCCGCTTATTGATATGC
661-ITS	047-B1R	47	brush	HPP	right	61	Female	White	21	serrated	TAAGATGCTCAG	TCCTCCGCTTATTGATATGC
662-ITS	047-B3L	47	brush	healthy	left	61	Female	White	21	serrated	AGTGAAATACTG	TCCTCCGCTTATTGATATGC
667-ITS	048-A3R	48	aspirate	healthy	right	75	Female	Asian	21	non-serrated	GATGTTCGCTAG	TCCTCCGCTTATTGATATGC
670-ITS	048-A5	48	lavage	lavage	lavage	75	Female	Asian	21	non-serrated	TGTCGCAAATAG	TCCTCCGCTTATTGATATGC
673-ITS	048-B3R	48	brush	healthy	right	75	Female	Asian	21	non-serrated	ACTCACAGGAAT	TCCTCCGCTTATTGATATGC
675-ITS	048-B3L	48	brush	healthy	left	75	Female	Asian	21	non-serrated	ATGATGAGCCTC	TCCTCCGCTTATTGATATGC
677-ITS	049-A3L	49	aspirate	healthy	left	65	Female	Asian	27	non-serrated	TATACCGCTGCG	TCCTCCGCTTATTGATATGC
679-ITS	049-A3R	49	aspirate	healthy	right	65	Female	Asian	27	non-serrated	CATCCCTCTACT	TCCTCCGCTTATTGATATGC
682-ITS	049-A5	49	lavage	lavage	lavage	65	Female	Asian	27	non-serrated	AGGCTTACGTGT	TCCTCCGCTTATTGATATGC
685-ITS	049-B1R	49	brush	TA	right	65	Female	Asian	27	non-serrated	CGGTCAATTGAC	TCCTCCGCTTATTGATATGC
686-ITS	049-B1L	49	brush	TA	left	65	Female	Asian	27	non-serrated	GTGGAGTCTCAT	TCCTCCGCTTATTGATATGC
713-ITS	052-A3L	52	aspirate	healthy	left	68	Male	White	22	non-serrated	GCCGAACGCCGA	TCCTCCGCTTATTGATATGC
716-ITS	052-A3R	52	aspirate	healthy	right	68	Male	White	22	non-serrated	CGATCGAACACT	TCCTCCGCTTATTGATATGC
719-ITS	052-A5	52	lavage	lavage	lavage	68	Male	White	22	non-serrated	ACTCGTGATAGC	TCCTCCGCTTATTGATATGC
722-ITS	052-B1R	52	brush	TA	right	68	Male	White	22	non-serrated	TACCAATCGGTG	TCCTCCGCTTATTGATATGC
882-ITS	066-A3L	66	aspirate	healthy	left	51	Male	White	23	serrated	CTGCTATTCCTC	TCCTCCGCTTATTGATATGC
885-ITS	066-A3R	66	aspirate	healthy	right	51	Male	White	23	serrated	CACCGTGACACT	TCCTCCGCTTATTGATATGC
888-ITS	066-A5	66	lavage	lavage	lavage	51	Male	White	23	serrated	GATTATCGACGA	TCCTCCGCTTATTGATATGC
891-ITS	066-B3R	66	brush	healthy	right	51	Male	White	23	serrated	ATGTCACCGCTG	TCCTCCGCTTATTGATATGC
892-ITS	066-B1R	66	brush	SSP	right	51	Male	White	23	serrated	TGTGCGATAACA	TCCTCCGCTTATTGATATGC
893-ITS	066-B3L	66	brush	healthy	left	51	Male	White	23	serrated	TACCGCTTCTTC	TCCTCCGCTTATTGATATGC
1221-ITS	092-A3L	92	aspirate	healthy	left	54	Female	Hispanic	27	serrated	GATGTATGTGGT	TCCTCCGCTTATTGATATGC
1224-ITS	092-A3R	92	aspirate	healthy	right	54	Female	Hispanic	27	serrated	GCCTAGCCCAAT	TCCTCCGCTTATTGATATGC
1227-ITS	092-A5	92	lavage	lavage	lavage	54	Female	Hispanic	27	serrated	ATCTACCGAAGC	TCCTCCGCTTATTGATATGC
1230-ITS	092-B3R	92	brush	healthy	right	54	Female	Hispanic	27	serrated	ACTCCTTGTGTT	TCCTCCGCTTATTGATATGC
1231-ITS	092-B1R	92	brush	SSP	right	54	Female	Hispanic	27	serrated	GCGAGCGAAGTA	TCCTCCGCTTATTGATATGC
1232-ITS	092-B3L	92	brush	healthy	left	54	Female	Hispanic	27	serrated	GTCACGGACATT	TCCTCCGCTTATTGATATGC
1351-ITS	102-A3L	102	aspirate	healthy	left	68	Male	White	20	serrated	ACTTCCAACTTC	TCCTCCGCTTATTGATATGC
1354-ITS	102-A3R	102	aspirate	healthy	right	68	Male	White	20	serrated	TCTCTACCACTC	TCCTCCGCTTATTGATATGC
1357-ITS	102-A5	102	lavage	lavage	lavage	68	Male	White	20	serrated	TATCGACACAAG	TCCTCCGCTTATTGATATGC
1360-ITS	102-B3R	102	brush	healthy	right	68	Male	White	20	serrated	CTCACCTAGGAA	TCCTCCGCTTATTGATATGC
1361-ITS	102-B1R	102	brush	SSP	right	68	Male	White	20	serrated	CCACAGATCGAT	TCCTCCGCTTATTGATATGC
1362-ITS	102-B3L	102	brush	healthy	left	68	Male	White	20	serrated	GTGTTGTCGTGC	TCCTCCGCTTATTGATATGC
591-5-ITS	041-B2L	41	brush	healthy	left	60	Male	unknown	35	non-serrated	AGTCGTGCACAT	TCCTCCGCTTATTGATATGC
639-5-ITS	045-B2L	45	brush	healthy	left	73	Male	White	22	non-serrated	TCGACATCTCTT	TCCTCCGCTTATTGATATGC
673-5-ITS	048-B1R	48	brush	TA	right	75	Female	Asian	21	non-serrated	GTCGACAGAGGA	TCCTCCGCTTATTGATATGC
685-5-ITS	049-B2R	49	brush	healthy	right	65	Female	Asian	27	non-serrated	AGTTGAGGCATT	TCCTCCGCTTATTGATATGC
686-5-ITS	049-B2L	49	brush	healthy	left	65	Female	Asian	27	non-serrated	ACAATAGACACC	TCCTCCGCTTATTGATATGC
722-5-ITS	052-B2R	52	brush	healthy	right	68	Male	White	22	non-serrated	GTATTATGACTT	TCCTCCGCTTATTGATATGC
